<?xml version="1.0" encoding="UTF-8"?><change>
  <id>ff8509ff-82ac-4eef-99e5-6b577458da28</id>
  <lastModified>2015-04-15 11:41:26</lastModified>
  <parentId>19bea3c0-0995-4c47-9ba9-3e13b67ce48d-2</parentId>
  <userId>a3a6bfc9-f4f3-4283-b9d1-c61481b05f30</userId>
  <dateAndTime>2015-04-15 11:41:26</dateAndTime>
  <key>description</key>
  <oldValue>

* Der Nutzer moechte einen Termin erstellen

Damit der Nutzer in seinem Kalender einen neuen Eintrag fuer einen Termin mit Zeit und Ort bekommt.

Benoetigt wird dafuer:

* Fenster zum erstellen eines Termins
</oldValue>
  <newValue>
* Als Nutzer moechte ich einen neuen Termin erstellen koennen

Damit ich in meinem Kalender neue Termine sehen kann um meine Woche leichter zu verwalten.

Akzeptanzkriterien:

* Fenster zum erstellen eines Termins
</newValue>
</change>