<?xml version="1.0" encoding="UTF-8"?><requirement>
  <id>19bea3c0-0995-4c47-9ba9-3e13b67ce48d-1</id>
  <lastModified>2015-04-28 13:50:59</lastModified>
  <projectId>fc43cae0-0113-401c-9794-ae1dd9c1798c-1</projectId>
  <number>3</number>
  <qualitysIds/>
  <label>Aufgaben anzeigen</label>
  <description>
* Als Nutzer moechte ich meine Aufgaben anzeigen

Damit ich sehen kann, welche Aufgaben bereits abgeschlossen oder noch offen sind.

Akzeptanzkriterien:

* Auflistung aller Aufgaben mit Angaben zu Status und Faelligkeit
</description>
  <estimatedWork>1.0</estimatedWork>
  <closed>true</closed>
  <deleted>false</deleted>
  <dirty>false</dirty>
  <workEstimationVotingActive>false</workEstimationVotingActive>
  <workEstimationVotingShowoff>false</workEstimationVotingShowoff>
  <tasksOrderIds>
    <string>8b7e6e38-5724-4d45-8e26-1003e5e0a8f2-20</string>
    <string>8b7e6e38-5724-4d45-8e26-1003e5e0a8f2-21</string>
    <string>8b7e6e38-5724-4d45-8e26-1003e5e0a8f2-22</string>
    <string>8b7e6e38-5724-4d45-8e26-1003e5e0a8f2-23</string>
  </tasksOrderIds>
  <themes/>
</requirement>