<?xml version="1.0" encoding="UTF-8"?><change>
  <id>849cf06f-8031-413a-8e81-b5e21e03cdc8</id>
  <lastModified>2015-04-14 13:31:35</lastModified>
  <parentId>19bea3c0-0995-4c47-9ba9-3e13b67ce48d-3</parentId>
  <userId>a3a6bfc9-f4f3-4283-b9d1-c61481b05f30</userId>
  <dateAndTime>2015-04-14 13:31:35</dateAndTime>
  <key>description</key>
  <newValue>
* Der Nutzer moechte einen Aufgabe erstellen

Damit in seiner Aufgabenliste ein neuer Eintrag fuer eine nicht erledigte Aufgabe angezeigt wird.
Die Aufgabe soll einen Namen, eine Punktzahl und bei bedarf eine Beschreibung und Faelligkeit bekommen.

Benoetigt wird dafuer:

* Ein Fenster zum erstellen einer Aufgabe
</newValue>
</change>