<?xml version="1.0" encoding="UTF-8"?><change>
  <id>9e0485b7-6ee5-44ec-942a-3c8ead45ad35</id>
  <lastModified>2015-04-14 14:54:34</lastModified>
  <parentId>19bea3c0-0995-4c47-9ba9-3e13b67ce48d-4</parentId>
  <userId>a3a6bfc9-f4f3-4283-b9d1-c61481b05f30</userId>
  <dateAndTime>2015-04-14 14:54:34</dateAndTime>
  <key>description</key>
  <oldValue>

* Der Nutzer moechte eine Liste mit Rewards anzeigen

Damit der Nutzer sieht, welche Rewards er bereits erhalten hat und einloesen kann, oder bereits eingeloest hat.

Benoetigt wird dafuer:

* Eine Auflistung aller Rewards des Nutzers
</oldValue>
  <newValue>
* Als Nutzer moechte ich alle meine erstellten Rewards sehen

Damit ich sehen kann welche Rewards mir noch zustehen um sie einzuloesen.
Das soll mir motivation geben weiter Aufgaben zu erfuellen und Termine einzuhalten.

Akzeptanzkriterien:

* Eine Auflistung aller Rewards des Nutzers
</newValue>
</change>