<?xml version="1.0" encoding="UTF-8"?><change>
  <id>12ad1bf9-384a-49d3-aa7d-c9641b599485</id>
  <lastModified>2015-04-14 13:49:09</lastModified>
  <parentId>19bea3c0-0995-4c47-9ba9-3e13b67ce48d-5</parentId>
  <userId>a3a6bfc9-f4f3-4283-b9d1-c61481b05f30</userId>
  <dateAndTime>2015-04-14 13:39:05</dateAndTime>
  <key>description</key>
  <newValue>

* Der Nutzer moechte ein neuen Reward erstellen

* Der Nutzer moechte den Reward mit einem Achievement verknuepfen

Damit er die Moeglichkeit hat fuer ein bestimmtes Achievement diesen Reward zu erhalten.

Benoetigt wird dafuer:

* Ein Fenster zum Erstellen eines Rewards

* Eine Anzeige aller nicht erlangten Achievements

* Die Moeglichkeit den Reward mit einem Achievement zu verknuepfen
</newValue>
</change>