<?xml version="1.0" encoding="UTF-8"?><change>
  <id>648086df-948b-44e1-8476-2e44d3b99515</id>
  <lastModified>2015-04-14 13:56:51</lastModified>
  <parentId>a8fe24b9-52fd-4dda-8c27-0567ba644a45-2</parentId>
  <userId>a3a6bfc9-f4f3-4283-b9d1-c61481b05f30</userId>
  <dateAndTime>2015-04-14 13:56:51</dateAndTime>
  <key>description</key>
  <newValue>
* Der Nutzer will eine Liste aller Kontakte anzeigen

Damit der Nutzer sehen kann, mit welchen anderen Nutzern er &quot;befreundet&quot; ist.
Damit der Nutzer die moeglichkeit hat, einen Nutzer aus seiner Kontaktliste zu entfernen.

Benoetigt wird dafuer:

* Anzeige aller Kontakte eines Nutzers

* Moeglichkeit einen dieser Nutzer aus der Liste zu entfernen
</newValue>
</change>