<?xml version="1.0" encoding="UTF-8"?><change>
  <id>974e3d49-b300-4a44-b040-77f469104878</id>
  <lastModified>2015-04-15 11:43:41</lastModified>
  <parentId>19bea3c0-0995-4c47-9ba9-3e13b67ce48d-3</parentId>
  <userId>a3a6bfc9-f4f3-4283-b9d1-c61481b05f30</userId>
  <dateAndTime>2015-04-15 11:43:41</dateAndTime>
  <key>description</key>
  <oldValue>
* Der Nutzer moechte einen Aufgabe erstellen

Damit in seiner Aufgabenliste ein neuer Eintrag fuer eine nicht erledigte Aufgabe angezeigt wird.
Die Aufgabe soll einen Namen, eine Punktzahl und bei bedarf eine Beschreibung und Faelligkeit bekommen.

Benoetigt wird dafuer:

* Ein Fenster zum erstellen einer Aufgabe
</oldValue>
  <newValue>
* Als Nutzer moechte ich eine neue Aufgabe erstellen koennen

Damit ich meine Aufgaben einteilen kann und einen Ueberblick bekomme, was ich noch erledigen muss. Eine Aufgabe ist im gegensatz zu einem Termin nicht an eine bestimmte Uhrzeit gebunden. Sie kann aber trotzdem ein Faelligkeitsdatum haben, bis wann sie erledigt werden muss.

Akzeptanzkriterien:

* Ein Fenster zum erstellen einer Aufgabe
</newValue>
</change>