<?xml version="1.0" encoding="UTF-8"?><change>
  <id>e393a7a6-2706-4f72-b062-328159d03c9f</id>
  <lastModified>2015-04-14 13:19:06</lastModified>
  <parentId>cda54d00-ba64-4326-82bf-185e72f4a59c-1</parentId>
  <userId>a3a6bfc9-f4f3-4283-b9d1-c61481b05f30</userId>
  <dateAndTime>2015-04-14 13:19:06</dateAndTime>
  <key>description</key>
  <newValue>* Nutzer soll einen Helden erstellen.

Der Nutzer braucht eine Liste von verfügbaren Helden um einen Helden fuer sein Profil zu erstellen.

Benoetigt wird:

* Bild des Helden
</newValue>
</change>