<?xml version="1.0" encoding="UTF-8"?><change>
  <id>342b6fe6-0511-4ec7-9696-4366029545de</id>
  <lastModified>2015-04-17 11:02:46</lastModified>
  <parentId>f6d1c10c-657c-4004-b4a0-5aafa80f9ff7-2</parentId>
  <userId>a3a6bfc9-f4f3-4283-b9d1-c61481b05f30</userId>
  <dateAndTime>2015-04-17 11:02:46</dateAndTime>
  <key>description</key>
  <newValue>

* Als Nutzer moechte ich mich auf der Startseite einloggen koennen

* Als Nutzer moechte ich mich auf der Profilseite ausloggen koennen

Damit ich individuell mit meinen Name begruest werde und Aenderungen an meinen Account speichern kann. Ich will mich wieder ausloggen koennen, damit kein unbefugter Zugriff auf meine Daten moeglich ist.

Akzeptanzkriterien:

* Buttons zum Ein- und Ausloggen
</newValue>
</change>