<?xml version="1.0" encoding="UTF-8"?><requirement>
  <id>19bea3c0-0995-4c47-9ba9-3e13b67ce48d-2</id>
  <lastModified>2015-04-28 14:14:53</lastModified>
  <projectId>fc43cae0-0113-401c-9794-ae1dd9c1798c-1</projectId>
  <sprintId>9ae6c957-b894-4c47-b734-439e98bc033c</sprintId>
  <number>4</number>
  <qualitysIds/>
  <label>Termine erstellen</label>
  <description>
* Als Nutzer moechte ich einen neuen Termin erstellen koennen

Damit ich in meinem Kalender neue Termine sehen kann um meine Woche leichter zu verwalten.

Akzeptanzkriterien:

* Fenster zum erstellen eines Termins
</description>
  <testDescription>- Eingetragene Termine sind richtig in der DB
- Startzeitpunkt muss vor dem Endzeitpunkt sein
- Bei falscher Eingabe, bleibt der Nutzer auf der Seite (eigegebene Werte bleiben erhalten)
- zwei Datumseingabefelder
- Eingabefeld fuer Name
- Eingabefeld(mehrzeilig) fuer Beschreibung
- Eingabefeld fuer Punkte (nur Integer)
</testDescription>
  <estimatedWork>2.0</estimatedWork>
  <closed>false</closed>
  <deleted>false</deleted>
  <dirty>false</dirty>
  <workEstimationVotingActive>false</workEstimationVotingActive>
  <workEstimationVotingShowoff>false</workEstimationVotingShowoff>
  <tasksOrderIds>
    <string>8b7e6e38-5724-4d45-8e26-1003e5e0a8f2-24</string>
    <string>8b7e6e38-5724-4d45-8e26-1003e5e0a8f2-25</string>
    <string>8b7e6e38-5724-4d45-8e26-1003e5e0a8f2-26</string>
    <string>8b7e6e38-5724-4d45-8e26-1003e5e0a8f2-27</string>
    <string>8b7e6e38-5724-4d45-8e26-1003e5e0a8f2-28</string>
  </tasksOrderIds>
  <themes/>
</requirement>