<?xml version="1.0" encoding="UTF-8"?><sprintReport>
  <id>a9d6105c-9bc4-419f-9824-d07c6d261db1</id>
  <lastModified>2015-04-28 13:50:59</lastModified>
  <sprintId>a72c4029-4462-4800-85f4-aef523a460e5</sprintId>
  <completedRequirementsIds>
    <string>19bea3c0-0995-4c47-9ba9-3e13b67ce48d-3</string>
    <string>28136aec-eb10-471a-b549-dd462e7e845a-2</string>
    <string>19bea3c0-0995-4c47-9ba9-3e13b67ce48d-1</string>
    <string>f6d1c10c-657c-4004-b4a0-5aafa80f9ff7-1</string>
    <string>f6d1c10c-657c-4004-b4a0-5aafa80f9ff7-2</string>
  </completedRequirementsIds>
  <rejectedRequirementsIds>
    <string>8b7e6e38-5724-4d45-8e26-1003e5e0a8f2-1</string>
  </rejectedRequirementsIds>
  <requirementsOrderIds>
    <string>28136aec-eb10-471a-b549-dd462e7e845a-2</string>
    <string>f6d1c10c-657c-4004-b4a0-5aafa80f9ff7-2</string>
    <string>f6d1c10c-657c-4004-b4a0-5aafa80f9ff7-1</string>
    <string>19bea3c0-0995-4c47-9ba9-3e13b67ce48d-3</string>
    <string>19bea3c0-0995-4c47-9ba9-3e13b67ce48d-1</string>
    <string>8b7e6e38-5724-4d45-8e26-1003e5e0a8f2-1</string>
  </requirementsOrderIds>
  <closedTasksIds>
    <string>8b7e6e38-5724-4d45-8e26-1003e5e0a8f2-18</string>
    <string>8b7e6e38-5724-4d45-8e26-1003e5e0a8f2-19</string>
    <string>8b7e6e38-5724-4d45-8e26-1003e5e0a8f2-4</string>
    <string>8b7e6e38-5724-4d45-8e26-1003e5e0a8f2-14</string>
    <string>8b7e6e38-5724-4d45-8e26-1003e5e0a8f2-15</string>
    <string>8b7e6e38-5724-4d45-8e26-1003e5e0a8f2-2</string>
    <string>8b7e6e38-5724-4d45-8e26-1003e5e0a8f2-16</string>
    <string>8b7e6e38-5724-4d45-8e26-1003e5e0a8f2-17</string>
    <string>8b7e6e38-5724-4d45-8e26-1003e5e0a8f2-10</string>
    <string>8b7e6e38-5724-4d45-8e26-1003e5e0a8f2-21</string>
    <string>8b7e6e38-5724-4d45-8e26-1003e5e0a8f2-11</string>
    <string>8b7e6e38-5724-4d45-8e26-1003e5e0a8f2-22</string>
    <string>8b7e6e38-5724-4d45-8e26-1003e5e0a8f2-12</string>
    <string>8b7e6e38-5724-4d45-8e26-1003e5e0a8f2-23</string>
    <string>8b7e6e38-5724-4d45-8e26-1003e5e0a8f2-13</string>
    <string>8b7e6e38-5724-4d45-8e26-1003e5e0a8f2-20</string>
    <string>8b7e6e38-5724-4d45-8e26-1003e5e0a8f2-7</string>
    <string>8b7e6e38-5724-4d45-8e26-1003e5e0a8f2-6</string>
    <string>8b7e6e38-5724-4d45-8e26-1003e5e0a8f2-5</string>
    <string>00650cb3-2e22-46e7-8bc5-eef1622549c2-1</string>
    <string>8b7e6e38-5724-4d45-8e26-1003e5e0a8f2-9</string>
  </closedTasksIds>
  <openTasksIds/>
  <burnedWork>21</burnedWork>
</sprintReport>