<?xml version="1.0" encoding="UTF-8"?><change>
  <id>3b6d3828-6db8-44da-a663-cf4008e32aab</id>
  <lastModified>2015-04-14 14:32:55</lastModified>
  <parentId>19bea3c0-0995-4c47-9ba9-3e13b67ce48d-1</parentId>
  <userId>a3a6bfc9-f4f3-4283-b9d1-c61481b05f30</userId>
  <dateAndTime>2015-04-14 14:32:55</dateAndTime>
  <key>description</key>
  <oldValue>
* Der Nutzer möchte seine Aufgaben anzeigen lassen

Damit der Nutzer sehen kann, welche Aufgaben bereits abgeschlossen sind, welche noch erledigt werden muessen und wie lange dafuer noch Zeit ist.

Benoetigt wird dafuer:

* Auflistung aller Aufgaben mit Angaben zu Status und Faelligkeit

* Moeglichkeit Details zu einer Aufgabe anzuzeigen
</oldValue>
  <newValue>
* Als Nutzer moechte ich meine Aufgaben anzeigen

Damit ich sehen kann, welche Aufgaben bereits abgeschlossen oder noch offen sind.

Akzeptanzkriterien:

* Auflistung aller Aufgaben mit Angaben zu Status und Faelligkeit
</newValue>
</change>