<?xml version="1.0" encoding="UTF-8"?><change>
  <id>41b0a50e-a4b7-4665-a437-290320e52131</id>
  <lastModified>2015-05-07 11:39:49</lastModified>
  <parentId>29f43852-6259-4e69-90d4-0d807b42a2cf-1</parentId>
  <userId>a01eede1-e7e9-41e9-8122-6f7c606bfd0a</userId>
  <dateAndTime>2015-05-07 11:39:49</dateAndTime>
  <key>description</key>
  <newValue>Als Nutzer moechte ich angezeigt bekommen, wenn ich eine falsche Eingabe gemacht habe

Damit ich weiss, an welcher Stelle ich meine Eingabe korrigieren muss.

Akzeptanzkriterien:

rote Fehlermeldung auf der entsprechenden Seite
Fehlermeldung beinhaltet beschreibung des Problems
Bei fehlerhaften Eingabe bleibt der Nutzer auf der aktuellen Seite (keine Weiterleitung)
</newValue>
</change>