<?xml version="1.0" encoding="UTF-8"?><change>
  <id>4dd6f9ed-deb6-455b-ba17-adde476d0098</id>
  <lastModified>2015-05-05 10:42:55</lastModified>
  <parentId>1e8fcd55-8ee3-4d4c-ab91-58c37eabb5b8-3</parentId>
  <userId>a01eede1-e7e9-41e9-8122-6f7c606bfd0a</userId>
  <dateAndTime>2015-05-05 10:42:55</dateAndTime>
  <key>description</key>
  <newValue>Als Entwickler moechte ich die Category in allen Faellen als Category Object verwenden

Damit ich bessere wiederverwendbarkeit habe.

Akzeptanzkrietrien:

Alle Category Eintraege als String durch Category Objekte ersetzen.
</newValue>
</change>