<?xml version="1.0" encoding="UTF-8"?><change>
  <id>5232ac5d-9dde-487c-9f8a-3c03ba3fecca</id>
  <lastModified>2015-04-14 13:35</lastModified>
  <parentId>19bea3c0-0995-4c47-9ba9-3e13b67ce48d-4</parentId>
  <userId>a3a6bfc9-f4f3-4283-b9d1-c61481b05f30</userId>
  <dateAndTime>2015-04-14 13:35</dateAndTime>
  <key>description</key>
  <newValue>

* Der Nutzer moechte eine Liste mit Rewards anzeigen

Damit der Nutzer sieht, welche Rewards er bereits erhalten hat und einloesen kann, oder bereits eingeloest hat.

Benoetigt wird dafuer:

* Eine Auflistung aller Rewards des Nutzers
</newValue>
</change>