<?xml version="1.0" encoding="UTF-8"?><change>
  <id>8c7ad276-1e3f-4454-95da-7d778f53c8d4</id>
  <lastModified>2015-04-21 11:14:46</lastModified>
  <parentId>8b7e6e38-5724-4d45-8e26-1003e5e0a8f2-1</parentId>
  <userId>a3a6bfc9-f4f3-4283-b9d1-c61481b05f30</userId>
  <dateAndTime>2015-04-21 11:14:46</dateAndTime>
  <key>description</key>
  <newValue>

* Ich als Entwickler moechte eine Definition of Done

Damit ich sehen kann, ob meine Arbeit vollstaendig abgeschlossen ist.
</newValue>
</change>