<?xml version="1.0" encoding="UTF-8"?><change>
  <id>d7645a19-c660-4fa9-96c9-30788f20a0b7</id>
  <lastModified>2015-04-28 14:11:15</lastModified>
  <parentId>19bea3c0-0995-4c47-9ba9-3e13b67ce48d-7</parentId>
  <userId>a01eede1-e7e9-41e9-8122-6f7c606bfd0a</userId>
  <dateAndTime>2015-04-28 14:11:15</dateAndTime>
  <key>testDescription</key>
  <newValue>- Neue Seite
- Eingabefeld fuer Username
- Button zum sucher nach eingegebenen Username
- Keine Anzeige der Punkte des Nutzers
- Anzeige von Firstname, Lastname, Mail

</newValue>
</change>