<?xml version="1.0" encoding="UTF-8"?><change>
  <id>fc8ed3a4-05df-4751-b646-cf8abaa1a2f2</id>
  <lastModified>2015-05-05 10:41:13</lastModified>
  <parentId>1e8fcd55-8ee3-4d4c-ab91-58c37eabb5b8-2</parentId>
  <userId>a01eede1-e7e9-41e9-8122-6f7c606bfd0a</userId>
  <dateAndTime>2015-05-05 10:41:13</dateAndTime>
  <key>description</key>
  <newValue>Als Entwickler moechte ich, dass alle Usernames unique sind

Damit sich kein Nutzer registrieren kann, mit einem Namen, der schon vergeben ist.
Da dieser neue Nutzer sich sonst nicht anmelden kann.

Akzeptanzkriterien:

Username in db als unique festgelegt
</newValue>
</change>