<?xml version="1.0" encoding="UTF-8"?><change>
  <id>0510239b-d26d-4125-82c6-cc43ce72c9a8</id>
  <lastModified>2015-04-17 10:59:31</lastModified>
  <parentId>f6d1c10c-657c-4004-b4a0-5aafa80f9ff7-1</parentId>
  <userId>a3a6bfc9-f4f3-4283-b9d1-c61481b05f30</userId>
  <dateAndTime>2015-04-17 10:59:31</dateAndTime>
  <key>description</key>
  <newValue>
* Als Nutzer moechte ich mich registrieren koennne

Damit ich alle Funktionen des Programms verwenden kann und ein Account in der Datenbank fuer mich angelegt wird.

Akzeptanzkriterien:

* Fenster zum Registrieren eines Nutzers
</newValue>
</change>