<?xml version="1.0" encoding="UTF-8"?><change>
  <id>3aa7c323-cee3-48e5-b1dc-c37d74fef23e</id>
  <lastModified>2015-04-15 11:46:56</lastModified>
  <parentId>19bea3c0-0995-4c47-9ba9-3e13b67ce48d-7</parentId>
  <userId>a3a6bfc9-f4f3-4283-b9d1-c61481b05f30</userId>
  <dateAndTime>2015-04-15 11:46:56</dateAndTime>
  <key>description</key>
  <oldValue>

* Der Nutzer will nach anderen Nutzern suchen koennen

* Der Nutzer will gefundene Nutzer zu seinen Kontakten hinzufuegen koennen

Damit der Nutzer einen anderen Nutzer ueber seinen Namen etc. finden kann um diesen zu seinen Kontakten hinzuzufuegen.

Benoetigt wird dafuer:

* Ein Suchfenster

* Auflistung gefundener Nutzer

* Moeglichkeit Nutzer zu seinen Kontakten hinzuzufuegen
</oldValue>
  <newValue>
* Als Nutzer moechte ich einen anderen registrierten Nutzer suchen koennen

Damit ich sehen kann welche Nutzer noch registriert sind.

Akzeptanzkriterien:

* Ein Suchfenster

* Auflistung gefundener Nutzer

</newValue>
</change>