<?xml version="1.0" encoding="UTF-8"?><systemConfig>
  <id>9a43b470-3ebf-46e0-8f89-732ca3f45c1d</id>
  <lastModified>2015-04-14 11:21:45</lastModified>
  <url>/</url>
  <smtpTls>false</smtpTls>
  <userEmailMandatory>false</userEmailMandatory>
  <registrationDisabled>false</registrationDisabled>
  <projectCreationDisabled>false</projectCreationDisabled>
  <defaultUserPassword>geheim</defaultUserPassword>
  <openIdDisabled>false</openIdDisabled>
  <versionCheckEnabled>false</versionCheckEnabled>
  <ldapEnabled>false</ldapEnabled>
  <maxFileSize>20</maxFileSize>
  <subscriptionKeySeed>Ketyd Yvocy Okaqy Ohoxe Kkufe -}</subscriptionKeySeed>
</systemConfig>