<?xml version="1.0" encoding="UTF-8"?><projectUserConfig>
  <id>713b0d8a-d6bc-4aba-a6b0-07e70d5eceb2</id>
  <lastModified>2015-04-14 11:23:05</lastModified>
  <projectId>fc43cae0-0113-401c-9794-ae1dd9c1798c-1</projectId>
  <userId>a3a6bfc9-f4f3-4283-b9d1-c61481b05f30</userId>
  <color>darkorange</color>
  <receiveEmailsOnProjectEvents>false</receiveEmailsOnProjectEvents>
  <misconducts>0</misconducts>
  <selectedEntitysIds/>
  <online>true</online>
  <lastActivityDateAndTime>2015-04-14 11:23:05</lastActivityDateAndTime>
  <pblFilterThemes/>
  <pblFilterQualitysIds/>
</projectUserConfig>