<?xml version="1.0" encoding="UTF-8"?><sprintReport>
  <id>b1e80705-45be-48fe-9c22-18cb3e1e522b</id>
  <lastModified>2015-05-19 13:20:20</lastModified>
  <sprintId>1d20cfb7-702f-4e99-a1e5-8a5ebeb8c278</sprintId>
  <completedRequirementsIds>
    <string>19bea3c0-0995-4c47-9ba9-3e13b67ce48d-4</string>
    <string>cda54d00-ba64-4326-82bf-185e72f4a59c-1</string>
    <string>19bea3c0-0995-4c47-9ba9-3e13b67ce48d-5</string>
  </completedRequirementsIds>
  <rejectedRequirementsIds>
    <string>c374a2ab-4d81-4058-b946-cddf60be0b09-1</string>
  </rejectedRequirementsIds>
  <requirementsOrderIds>
    <string>19bea3c0-0995-4c47-9ba9-3e13b67ce48d-5</string>
    <string>19bea3c0-0995-4c47-9ba9-3e13b67ce48d-4</string>
    <string>c374a2ab-4d81-4058-b946-cddf60be0b09-1</string>
    <string>cda54d00-ba64-4326-82bf-185e72f4a59c-1</string>
  </requirementsOrderIds>
  <closedTasksIds>
    <string>35bbb30d-e55f-490e-b66c-277be819bf75-9</string>
    <string>35bbb30d-e55f-490e-b66c-277be819bf75-3</string>
    <string>35bbb30d-e55f-490e-b66c-277be819bf75-4</string>
    <string>35bbb30d-e55f-490e-b66c-277be819bf75-1</string>
    <string>35bbb30d-e55f-490e-b66c-277be819bf75-2</string>
    <string>35bbb30d-e55f-490e-b66c-277be819bf75-5</string>
    <string>35bbb30d-e55f-490e-b66c-277be819bf75-11</string>
    <string>35bbb30d-e55f-490e-b66c-277be819bf75-6</string>
    <string>35bbb30d-e55f-490e-b66c-277be819bf75-10</string>
  </closedTasksIds>
  <openTasksIds>
    <string>35bbb30d-e55f-490e-b66c-277be819bf75-7</string>
    <string>35bbb30d-e55f-490e-b66c-277be819bf75-8</string>
  </openTasksIds>
  <burnedWork>9</burnedWork>
</sprintReport>