<?xml version="1.0" encoding="UTF-8"?><requirement>
  <id>19bea3c0-0995-4c47-9ba9-3e13b67ce48d-2</id>
  <lastModified>2015-05-06 15:16:55</lastModified>
  <projectId>fc43cae0-0113-401c-9794-ae1dd9c1798c-1</projectId>
  <sprintId>8801fbf3-51cb-4c4a-be7e-b71e4e0ad2d9</sprintId>
  <number>4</number>
  <qualitysIds/>
  <label>Termine erstellen</label>
  <description>
* Als Nutzer moechte ich einen neuen Termin erstellen koennen

Damit ich in meinem Kalender neue Termine sehen kann um meine Woche leichter zu verwalten.

Akzeptanzkriterien:

* Fenster zum erstellen eines Termins
</description>
  <testDescription>- Eingetragene Termine sind richtig in der DB
- Startzeitpunkt muss vor dem Endzeitpunkt sein
- Bei falscher Eingabe, bleibt der Nutzer auf der Seite (eigegebene Werte bleiben erhalten)
- zwei Datumseingabefelder
- Eingabefeld fuer Name
- Eingabefeld(mehrzeilig) fuer Beschreibung
- Eingabefeld fuer Punkte (nur Integer)
</testDescription>
  <estimatedWork>2.0</estimatedWork>
  <closed>false</closed>
  <deleted>false</deleted>
  <dirty>false</dirty>
  <workEstimationVotingActive>false</workEstimationVotingActive>
  <workEstimationVotingShowoff>false</workEstimationVotingShowoff>
  <tasksOrderIds>
    <string>ece688a9-69ab-410b-b0dd-7067d1422488-1</string>
    <string>ece688a9-69ab-410b-b0dd-7067d1422488-2</string>
  </tasksOrderIds>
  <themes/>
</requirement>