<?xml version="1.0" encoding="UTF-8"?><requirement>
  <id>28136aec-eb10-471a-b549-dd462e7e845a-2</id>
  <lastModified>2015-04-28 13:50:59</lastModified>
  <projectId>fc43cae0-0113-401c-9794-ae1dd9c1798c-1</projectId>
  <number>14</number>
  <qualitysIds/>
  <label>Startseite anzeigen</label>
  <description>

* Als Nutzer moechte ich auf einer Startseite begrueßt werden

Damit ich einen Ueberblick bekomme, was ich alles machen kann (bzw. welche Funktionen verfuegbar sind).

Akzeptanzkriterien:

* Startseite mit Begruesungsbildschirm fuer den Nutzer
</description>
  <estimatedWork>5.0</estimatedWork>
  <closed>true</closed>
  <deleted>false</deleted>
  <dirty>false</dirty>
  <workEstimationVotingActive>false</workEstimationVotingActive>
  <workEstimationVotingShowoff>false</workEstimationVotingShowoff>
  <tasksOrderIds>
    <string>8b7e6e38-5724-4d45-8e26-1003e5e0a8f2-2</string>
    <string>8b7e6e38-5724-4d45-8e26-1003e5e0a8f2-4</string>
    <string>8b7e6e38-5724-4d45-8e26-1003e5e0a8f2-5</string>
  </tasksOrderIds>
  <themes/>
</requirement>