<?xml version="1.0" encoding="UTF-8"?><requirement>
  <id>a39921dd-ed23-4c62-aa5c-01021c504398-1</id>
  <lastModified>2015-04-15 18:53:32</lastModified>
  <projectId>fc43cae0-0113-401c-9794-ae1dd9c1798c-1</projectId>
  <number>16</number>
  <qualitysIds/>
  <label>Nutzer registrieren</label>
  <description>
* Als Nutzer moechte ich mir einen Account anlegen

Damit ich alle Funktionen der Webapplikation nutzen kann.

Akzeptanzkriterien:

* Fenster zum erstellen eines Nutzers
</description>
  <estimatedWork>2.0</estimatedWork>
  <closed>false</closed>
  <deleted>false</deleted>
  <dirty>false</dirty>
  <workEstimationVotingActive>false</workEstimationVotingActive>
  <workEstimationVotingShowoff>false</workEstimationVotingShowoff>
  <tasksOrderIds/>
  <themes/>
</requirement>