<?xml version="1.0" encoding="UTF-8"?><requirement>
  <id>f6d1c10c-657c-4004-b4a0-5aafa80f9ff7-1</id>
  <lastModified>2015-04-17 11:00:08</lastModified>
  <projectId>fc43cae0-0113-401c-9794-ae1dd9c1798c-1</projectId>
  <number>16</number>
  <qualitysIds/>
  <label>Nutzer registrieren</label>
  <description>
* Als Nutzer moechte ich mich registrieren koennne

Damit ich alle Funktionen des Programms verwenden kann und ein Account in der Datenbank fuer mich angelegt wird.

Akzeptanzkriterien:

* Fenster zum Registrieren eines Nutzers
</description>
  <estimatedWork>3.0</estimatedWork>
  <closed>false</closed>
  <deleted>false</deleted>
  <dirty>false</dirty>
  <workEstimationVotingActive>false</workEstimationVotingActive>
  <workEstimationVotingShowoff>false</workEstimationVotingShowoff>
  <tasksOrderIds/>
  <themes/>
</requirement>