<?xml version="1.0" encoding="UTF-8"?><requirement>
  <id>19bea3c0-0995-4c47-9ba9-3e13b67ce48d-6</id>
  <lastModified>2015-04-28 14:14:58</lastModified>
  <projectId>fc43cae0-0113-401c-9794-ae1dd9c1798c-1</projectId>
  <sprintId>9ae6c957-b894-4c47-b734-439e98bc033c</sprintId>
  <number>8</number>
  <qualitysIds/>
  <label>Punkte anzeigen</label>
  <description>
* Als Nutzer moechte ich sehen wie viele Punkte ich durch Abgeschlossene Aufgaben und Termine erreicht habe.

Damit ich motiviert werde weiter Aufgaben zu machen, da ich fuer genuegend Punkte Rewards erhalte.

Akzeptanzkriterien:

* Anzeige der Punkte eines Nutzers

</description>
  <testDescription>- Anzeige aktuelle Punktzahl des Nutzers (nur eigene) auf jeder Seite (wenn der Nutzer eingeloggt ist)
</testDescription>
  <estimatedWork>1.0</estimatedWork>
  <closed>false</closed>
  <deleted>false</deleted>
  <dirty>false</dirty>
  <workEstimationVotingActive>false</workEstimationVotingActive>
  <workEstimationVotingShowoff>false</workEstimationVotingShowoff>
  <tasksOrderIds/>
  <themes/>
</requirement>