<?xml version="1.0" encoding="UTF-8"?><change>
  <id>537cfe2a-2ba8-48d5-8fd4-a08b0136ec94</id>
  <lastModified>2015-04-28 14:01:50</lastModified>
  <parentId>19bea3c0-0995-4c47-9ba9-3e13b67ce48d-2</parentId>
  <userId>a01eede1-e7e9-41e9-8122-6f7c606bfd0a</userId>
  <dateAndTime>2015-04-28 14:01:50</dateAndTime>
  <key>testDescription</key>
  <newValue>- Eingetragene Termine sind richtig in der DB
- Startzeitpunkt muss vor dem Endzeitpunkt sein
- Bei falscher Eingabe, bleibt der Nutzer auf der Seite (eigegebene Werte bleiben erhalten)
- zwei Datumseingabefelder
- Eingabefeld fuer Name
- Eingabefeld(mehrzeilig) fuer Beschreibung
- Eingabefeld fuer Punkte (nur Integer)
</newValue>
</change>