<?xml version="1.0" encoding="UTF-8"?><task>
  <id>8b7e6e38-5724-4d45-8e26-1003e5e0a8f2-24</id>
  <lastModified>2015-05-05 14:02:28</lastModified>
  <requirementId>19bea3c0-0995-4c47-9ba9-3e13b67ce48d-2</requirementId>
  <number>23</number>
  <label>JSF Seite fuer Termine erstellen</label>
  <remainingWork>0</remainingWork>
  <burnedWork>1</burnedWork>
  <ownerId>a01eede1-e7e9-41e9-8122-6f7c606bfd0a</ownerId>
  <closedInPastSprintId>9ae6c957-b894-4c47-b734-439e98bc033c</closedInPastSprintId>
</task>