<?xml version="1.0" encoding="UTF-8"?><change>
  <id>a16368ce-e709-4166-9e29-8fda573d460d</id>
  <lastModified>2015-05-05 13:50:12</lastModified>
  <parentId>1e8fcd55-8ee3-4d4c-ab91-58c37eabb5b8-1</parentId>
  <userId>a01eede1-e7e9-41e9-8122-6f7c606bfd0a</userId>
  <dateAndTime>2015-05-05 13:50:12</dateAndTime>
  <key>description</key>
  <oldValue>Als Entwickler moechte ich eine Passwordbox auf der Startseite

Damit mein Password nicht gesehen wird beim eingeben.

Akyeptanzkriterien:

Passwordbox auf Startseite, die Eingabe verdeckt
</oldValue>
  <newValue>Als Nutzer moechte ich eine Passwordbox auf der Startseite

Damit mein Password nicht gesehen wird beim eingeben.

Akyeptanzkriterien:

Passwordbox auf Startseite, die Eingabe verdeckt
</newValue>
</change>