<?xml version="1.0" encoding="UTF-8"?><sprint>
  <id>9ae6c957-b894-4c47-b734-439e98bc033c</id>
  <lastModified>2015-05-05 08:54:41</lastModified>
  <number>1</number>
  <projectId>fc43cae0-0113-401c-9794-ae1dd9c1798c-1</projectId>
  <label>Sprint 02</label>
  <goal>Anreicherung der Anwendung mit Funktionalitaet
</goal>
  <begin>2015-04-28</begin>
  <end>2015-05-05</end>
  <originallyEnd>2015-05-04</originallyEnd>
  <requirementsOrderIds>
    <string>8b7e6e38-5724-4d45-8e26-1003e5e0a8f2-1</string>
    <string>19bea3c0-0995-4c47-9ba9-3e13b67ce48d-2</string>
    <string>cda54d00-ba64-4326-82bf-185e72f4a59c-2</string>
    <string>19bea3c0-0995-4c47-9ba9-3e13b67ce48d-6</string>
  </requirementsOrderIds>
  <productOwnersIds/>
  <scrumMastersIds/>
  <teamMembersIds/>
</sprint>