<?xml version="1.0" encoding="UTF-8"?><change>
  <id>708c5295-dad9-4410-9e86-a50cdf3c200c</id>
  <lastModified>2015-04-15 18:53:27</lastModified>
  <parentId>a39921dd-ed23-4c62-aa5c-01021c504398-1</parentId>
  <userId>a3a6bfc9-f4f3-4283-b9d1-c61481b05f30</userId>
  <dateAndTime>2015-04-15 18:53:27</dateAndTime>
  <key>description</key>
  <newValue>
* Als Nutzer moechte ich mir einen Account anlegen

Damit ich alle Funktionen der Webapplikation nutzen kann.

Akzeptanzkriterien:

* Fenster zum erstellen eines Nutzers
</newValue>
</change>