<?xml version="1.0" encoding="UTF-8"?><requirement>
  <id>28136aec-eb10-471a-b549-dd462e7e845a-3</id>
  <lastModified>2015-04-15 11:59:34</lastModified>
  <projectId>fc43cae0-0113-401c-9794-ae1dd9c1798c-1</projectId>
  <number>15</number>
  <qualitysIds/>
  <label>Startseite in Tabs aufteilen</label>
  <description>Idee:

Startseite soll Tabs fuer jede Funktion bekommen
</description>
  <closed>false</closed>
  <deleted>false</deleted>
  <dirty>true</dirty>
  <workEstimationVotingActive>false</workEstimationVotingActive>
  <workEstimationVotingShowoff>false</workEstimationVotingShowoff>
  <tasksOrderIds/>
  <themes/>
</requirement>