<?xml version="1.0" encoding="UTF-8"?><requirement>
  <id>19bea3c0-0995-4c47-9ba9-3e13b67ce48d-2</id>
  <lastModified>2015-04-21 12:15:22</lastModified>
  <projectId>fc43cae0-0113-401c-9794-ae1dd9c1798c-1</projectId>
  <sprintId>a72c4029-4462-4800-85f4-aef523a460e5</sprintId>
  <number>4</number>
  <qualitysIds/>
  <label>Termine erstellen</label>
  <description>
* Als Nutzer moechte ich einen neuen Termin erstellen koennen

Damit ich in meinem Kalender neue Termine sehen kann um meine Woche leichter zu verwalten.

Akzeptanzkriterien:

* Fenster zum erstellen eines Termins
</description>
  <estimatedWork>2.0</estimatedWork>
  <closed>false</closed>
  <deleted>false</deleted>
  <dirty>false</dirty>
  <workEstimationVotingActive>false</workEstimationVotingActive>
  <workEstimationVotingShowoff>false</workEstimationVotingShowoff>
  <tasksOrderIds>
    <string>8b7e6e38-5724-4d45-8e26-1003e5e0a8f2-24</string>
    <string>8b7e6e38-5724-4d45-8e26-1003e5e0a8f2-25</string>
    <string>8b7e6e38-5724-4d45-8e26-1003e5e0a8f2-26</string>
    <string>8b7e6e38-5724-4d45-8e26-1003e5e0a8f2-27</string>
    <string>8b7e6e38-5724-4d45-8e26-1003e5e0a8f2-28</string>
  </tasksOrderIds>
  <themes/>
</requirement>