<?xml version="1.0" encoding="UTF-8"?><requirement>
  <id>c374a2ab-4d81-4058-b946-cddf60be0b09-1</id>
  <lastModified>2015-04-15 11:52:28</lastModified>
  <projectId>fc43cae0-0113-401c-9794-ae1dd9c1798c-1</projectId>
  <number>12</number>
  <qualitysIds/>
  <label>Achievements verbinden</label>
  <description>
* Als Nutzer moechte ich, dass mir automatisch mitgeteilt wird, wenn ich ein Achievement erhalten habe

Damit ich fuer meine erreichten Punkte Rewards erhalte.
Achievements sind meine Meilensteine, die ich mit Rewards fuer mich versehen habe und mich veranlassen darauf hinzuarbeiten.

Akzeptanzkriterien:

* automatische Benachrichtigung des Nutzers, falls Achievement erreicht wurde (eine bestimmte Anzahl an Punkten erreicht wurde)
</description>
  <estimatedWork>3.0</estimatedWork>
  <closed>false</closed>
  <deleted>false</deleted>
  <dirty>false</dirty>
  <workEstimationVotingActive>false</workEstimationVotingActive>
  <workEstimationVotingShowoff>false</workEstimationVotingShowoff>
  <tasksOrderIds/>
  <themes/>
</requirement>