<?xml version="1.0" encoding="UTF-8"?><projectUserConfig>
  <id>d592476a-6a54-4343-87bb-ac86c747a261</id>
  <lastModified>2015-04-23 11:50:08</lastModified>
  <projectId>fc43cae0-0113-401c-9794-ae1dd9c1798c-1</projectId>
  <userId>fcc2feaf-01ed-4556-b217-263c707a91d9</userId>
  <color>darkorchid</color>
  <receiveEmailsOnProjectEvents>false</receiveEmailsOnProjectEvents>
  <misconducts>0</misconducts>
  <selectedEntitysIds/>
  <online>true</online>
  <lastActivityDateAndTime>2015-04-23 11:50:08</lastActivityDateAndTime>
  <pblFilterThemes/>
  <pblFilterQualitysIds/>
</projectUserConfig>