<?xml version="1.0" encoding="UTF-8"?><requirement>
  <id>1e8fcd55-8ee3-4d4c-ab91-58c37eabb5b8-2</id>
  <lastModified>2015-05-05 14:09:23</lastModified>
  <projectId>fc43cae0-0113-401c-9794-ae1dd9c1798c-1</projectId>
  <sprintId>8801fbf3-51cb-4c4a-be7e-b71e4e0ad2d9</sprintId>
  <number>21</number>
  <qualitysIds/>
  <label>Eindeutige User</label>
  <description>Als Entwickler moechte ich, dass alle Usernames unique sind

Damit sich kein Nutzer registrieren kann, mit einem Namen, der schon vergeben ist.
Da dieser neue Nutzer sich sonst nicht anmelden kann.

Akzeptanzkriterien:

Alle Nutzer haben eindeutigen namen
</description>
  <estimatedWork>1.0</estimatedWork>
  <closed>false</closed>
  <deleted>false</deleted>
  <dirty>false</dirty>
  <workEstimationVotingActive>false</workEstimationVotingActive>
  <workEstimationVotingShowoff>false</workEstimationVotingShowoff>
  <tasksOrderIds/>
  <themes/>
</requirement>