<?xml version="1.0" encoding="UTF-8"?><requirement>
  <id>a8fe24b9-52fd-4dda-8c27-0567ba644a45-2</id>
  <lastModified>2015-05-05 14:09:26</lastModified>
  <projectId>fc43cae0-0113-401c-9794-ae1dd9c1798c-1</projectId>
  <sprintId>8801fbf3-51cb-4c4a-be7e-b71e4e0ad2d9</sprintId>
  <number>11</number>
  <qualitysIds/>
  <label>Kontakte Anzeigen</label>
  <description>
* Der Nutzer will eine Liste aller Kontakte anzeigen

Damit der Nutzer sehen kann, mit welchen anderen Nutzern er &quot;befreundet&quot; ist.
Damit der Nutzer die moeglichkeit hat, einen Nutzer aus seiner Kontaktliste zu entfernen.

Benoetigt wird dafuer:

* Anzeige aller Kontakte eines Nutzers

* Moeglichkeit einen dieser Nutzer aus der Liste zu entfernen
</description>
  <estimatedWork>2.0</estimatedWork>
  <closed>false</closed>
  <deleted>false</deleted>
  <dirty>false</dirty>
  <workEstimationVotingActive>false</workEstimationVotingActive>
  <workEstimationVotingShowoff>false</workEstimationVotingShowoff>
  <tasksOrderIds/>
  <themes/>
</requirement>