<?xml version="1.0" encoding="UTF-8"?><requirement>
  <id>cda54d00-ba64-4326-82bf-185e72f4a59c-2</id>
  <lastModified>2015-05-05 14:02:28</lastModified>
  <projectId>fc43cae0-0113-401c-9794-ae1dd9c1798c-1</projectId>
  <number>2</number>
  <qualitysIds/>
  <label>Kalender  anzeigen</label>
  <description>* Als Nutzer moechte ich meinen Kalender anzeigen

Damit ich sehen kann zu welchen Zeiten ich Termine habe.

Akzeptanzkriterien:

* grafische anzeige aller Termine
</description>
  <testDescription>- Wochenkalender Ansicht (mo-so)
- Anzeige aller Termine in der aktuellen Woche
- Wechsel zwischen Wochen
</testDescription>
  <estimatedWork>8.0</estimatedWork>
  <closed>true</closed>
  <deleted>false</deleted>
  <dirty>false</dirty>
  <workEstimationVotingActive>false</workEstimationVotingActive>
  <workEstimationVotingShowoff>false</workEstimationVotingShowoff>
  <tasksOrderIds>
    <string>28f5c3c7-7561-4dff-824c-12df9a4b2fe4-2</string>
    <string>28f5c3c7-7561-4dff-824c-12df9a4b2fe4-3</string>
    <string>28f5c3c7-7561-4dff-824c-12df9a4b2fe4-4</string>
    <string>28f5c3c7-7561-4dff-824c-12df9a4b2fe4-5</string>
  </tasksOrderIds>
  <themes/>
</requirement>