<?xml version="1.0" encoding="UTF-8"?><requirement>
  <id>19bea3c0-0995-4c47-9ba9-3e13b67ce48d-7</id>
  <lastModified>2015-04-15 11:51:55</lastModified>
  <projectId>fc43cae0-0113-401c-9794-ae1dd9c1798c-1</projectId>
  <number>9</number>
  <qualitysIds/>
  <label>Nutzer suchen</label>
  <description>
* Als Nutzer moechte ich einen anderen registrierten Nutzer suchen koennen

Damit ich sehen kann welche Nutzer noch registriert sind.

Akzeptanzkriterien:

* Ein Suchfenster

* Auflistung gefundener Nutzer

</description>
  <estimatedWork>2.0</estimatedWork>
  <closed>false</closed>
  <deleted>false</deleted>
  <dirty>false</dirty>
  <workEstimationVotingActive>false</workEstimationVotingActive>
  <workEstimationVotingShowoff>false</workEstimationVotingShowoff>
  <tasksOrderIds/>
  <themes/>
</requirement>