<?xml version="1.0" encoding="UTF-8"?><requirement>
  <id>19bea3c0-0995-4c47-9ba9-3e13b67ce48d-1</id>
  <lastModified>2015-04-14 13:26:25</lastModified>
  <projectId>fc43cae0-0113-401c-9794-ae1dd9c1798c-1</projectId>
  <number>3</number>
  <qualitysIds/>
  <label>Aufgaben anzeigen</label>
  <description>
* Der Nutzer möchte seine Aufgaben anzeigen lassen

Damit der Nutzer sehen kann, welche Aufgaben bereits abgeschlossen sind, welche noch erledigt werden muessen und wie lange dafuer noch Zeit ist.

Benoetigt wird dafuer:

* Auflistung aller Aufgaben mit Angaben zu Status und Faelligkeit

* Moeglichkeit Details zu einer Aufgabe anzuzeigen
</description>
  <closed>false</closed>
  <deleted>false</deleted>
  <dirty>true</dirty>
  <workEstimationVotingActive>false</workEstimationVotingActive>
  <workEstimationVotingShowoff>false</workEstimationVotingShowoff>
  <tasksOrderIds/>
  <themes/>
</requirement>