<?xml version="1.0" encoding="UTF-8"?><change>
  <id>275f8b2d-3887-4ecc-be05-10e4faa5a456</id>
  <lastModified>2015-05-07 15:14:04</lastModified>
  <parentId>29f43852-6259-4e69-90d4-0d807b42a2cf-2</parentId>
  <userId>a01eede1-e7e9-41e9-8122-6f7c606bfd0a</userId>
  <dateAndTime>2015-05-07 15:14:04</dateAndTime>
  <key>description</key>
  <newValue>Als Nutzer moechte ich Nachrichten an andere Nutzer senden und empfangene Nachrichten einsehen koennen.

damit ich mit anderen Nutzern in Kontakt treten kann, oder systemnachrichten empfangen kann.

Akzeptanzkriterien:

Fenster um erhaltene Nachrichten anzuzeigen
Fenster um Nachrichten an Nutzer zu schicken
Nutzer aus Kontakten auswaehlbar
Eintrag fuer Betreff, Sender, Empfaenger, Datum und Inhalt


</newValue>
</change>