<?xml version="1.0" encoding="UTF-8"?><change>
  <id>eb41bdd6-7a40-4099-921e-e331ec558e3b</id>
  <lastModified>2015-04-15 11:56:20</lastModified>
  <parentId>28136aec-eb10-471a-b549-dd462e7e845a-2</parentId>
  <userId>a3a6bfc9-f4f3-4283-b9d1-c61481b05f30</userId>
  <dateAndTime>2015-04-15 11:56:20</dateAndTime>
  <key>description</key>
  <newValue>

* Als Nutzer moechte ich auf einer Startseite begrueßt werden

Damit ich einen Ueberblick bekomme, was ich alles machen kann (bzw. welche Funktionen verfuegbar sind).

Akzeptanzkriterien:

* Startseite mit Begruesungsbildschirm fuer den Nutzer
</newValue>
</change>