<?xml version="1.0" encoding="UTF-8"?><user>
  <id>a3a6bfc9-f4f3-4283-b9d1-c61481b05f30</id>
  <lastModified>2015-04-15 11:39:40</lastModified>
  <name>TRO</name>
  <publicName>TRO</publicName>
  <fullName>Thomas Roehl</fullName>
  <admin>false</admin>
  <emailVerified>false</emailVerified>
  <email>tro.development@gmail.com</email>
  <currentProjectId>fc43cae0-0113-401c-9794-ae1dd9c1798c-1</currentProjectId>
  <color>darkorange</color>
  <lastLoginDateAndTime>2015-04-15 11:39:40</lastLoginDateAndTime>
  <registrationDateAndTime>2015-04-14 11:22:09</registrationDateAndTime>
  <disabled>false</disabled>
  <hideUserGuideBlog>false</hideUserGuideBlog>
  <hideUserGuideCalendar>false</hideUserGuideCalendar>
  <hideUserGuideFiles>false</hideUserGuideFiles>
  <hideUserGuideForum>false</hideUserGuideForum>
  <hideUserGuideImpediments>false</hideUserGuideImpediments>
  <hideUserGuideIssues>false</hideUserGuideIssues>
  <hideUserGuideJournal>false</hideUserGuideJournal>
  <hideUserGuideNextSprint>false</hideUserGuideNextSprint>
  <hideUserGuideProductBacklog>false</hideUserGuideProductBacklog>
  <hideUserGuideCourtroom>false</hideUserGuideCourtroom>
  <hideUserGuideQualityBacklog>false</hideUserGuideQualityBacklog>
  <hideUserGuideReleases>false</hideUserGuideReleases>
  <hideUserGuideRisks>false</hideUserGuideRisks>
  <hideUserGuideSprintBacklog>false</hideUserGuideSprintBacklog>
  <hideUserGuideWhiteboard>false</hideUserGuideWhiteboard>
  <loginToken>ecfd15fc-f56c-4138-a260-e6e1d7abe53b</loginToken>
  <openId>https://www.google.com/accounts/o8/id?id=AItOawl_pOM2V296M70pXjJthQjxl-yHMwuJXvE</openId>
  <passwordSalt>Fiqu Kv Wi Maf Meu Haheo Texe -$</passwordSalt>
  <password>SHA-256:5347d2574020cea3a7c3d3e0ca60ec65c72d26e8a48f4931e56c50d2c7305e46</password>
</user>