<?xml version="1.0" encoding="UTF-8"?><sprint>
  <id>1d20cfb7-702f-4e99-a1e5-8a5ebeb8c278</id>
  <lastModified>2015-05-12 13:42:13</lastModified>
  <number>4</number>
  <projectId>fc43cae0-0113-401c-9794-ae1dd9c1798c-1</projectId>
  <label>Sprint 04</label>
  <goal>Achievements und Rewards
</goal>
  <begin>2015-05-12</begin>
  <end>2015-05-18</end>
  <originallyEnd reference="../end"/>
  <requirementsOrderIds>
    <string>19bea3c0-0995-4c47-9ba9-3e13b67ce48d-5</string>
    <string>19bea3c0-0995-4c47-9ba9-3e13b67ce48d-4</string>
    <string>c374a2ab-4d81-4058-b946-cddf60be0b09-1</string>
    <string>cda54d00-ba64-4326-82bf-185e72f4a59c-1</string>
  </requirementsOrderIds>
  <productOwnersIds/>
  <scrumMastersIds/>
  <teamMembersIds/>
</sprint>