<?xml version="1.0" encoding="UTF-8"?><change>
  <id>d0ee90a3-d64c-4e2b-84aa-d587ad9cc1c8</id>
  <lastModified>2015-04-14 14:53:14</lastModified>
  <parentId>cda54d00-ba64-4326-82bf-185e72f4a59c-2</parentId>
  <userId>a3a6bfc9-f4f3-4283-b9d1-c61481b05f30</userId>
  <dateAndTime>2015-04-14 14:53:14</dateAndTime>
  <key>description</key>
  <oldValue>* Der Nutzer will seinen Kalender anzeigen.

Damit er grafisch sehen kann, zu welchen Zeiten er welche Termine hat.

Benoetigt wird dafuer:

* grafische anzeige aller Termine
</oldValue>
  <newValue>* Als Nutzer moechte ich meinen Kalender anzeigen

Damit ich sehen kann zu welchen Zeiten ich Termine habe.

Akzeptanzkriterien:

* grafische anzeige aller Termine
</newValue>
</change>