<?xml version="1.0" encoding="UTF-8"?><sprint>
  <id>9ae6c957-b894-4c47-b734-439e98bc033c</id>
  <lastModified>2015-05-05 14:02:28</lastModified>
  <number>1</number>
  <projectId>fc43cae0-0113-401c-9794-ae1dd9c1798c-1</projectId>
  <label>Sprint 02</label>
  <goal>Anreicherung der Anwendung mit Funktionalitaet
</goal>
  <begin>2015-04-28</begin>
  <end>2015-05-05</end>
  <originallyEnd reference="../end"/>
  <velocity>9.5</velocity>
  <completedRequirementsData>#encoded-requirements 1
sto18;0.5;Definition of Done
tsk29;1;0;Definition of Done
sto2;8;Kalender  anzeigen
tsk30;1;0;JSF Seite erstellen
tsk31;1;0;Daten aus DB in Kalender laden
tsk32;1;0;Test Seitenaktualisierung
tsk33;1;0;UnitTest
sto8;1;Punkte anzeigen
tsk34;1;0;Punkte lable in startseite
</completedRequirementsData>
  <incompletedRequirementsData>#encoded-requirements 1
sto4;2;Termine erstellen
tsk24;1;0;Link auf Profilseite
tsk25;1;0;Termin in DB laden
tsk26;1;0;Test Seitennavigation
tsk27;1;0;Test DB
tsk23;1;0;JSF Seite fuer Termine erstellen
</incompletedRequirementsData>
  <requirementsOrderIds>
    <string>8b7e6e38-5724-4d45-8e26-1003e5e0a8f2-1</string>
    <string>19bea3c0-0995-4c47-9ba9-3e13b67ce48d-2</string>
    <string>cda54d00-ba64-4326-82bf-185e72f4a59c-2</string>
    <string>19bea3c0-0995-4c47-9ba9-3e13b67ce48d-6</string>
  </requirementsOrderIds>
  <productOwnersIds>
    <string>a3a6bfc9-f4f3-4283-b9d1-c61481b05f30</string>
    <string>a01eede1-e7e9-41e9-8122-6f7c606bfd0a</string>
  </productOwnersIds>
  <scrumMastersIds>
    <string>a3a6bfc9-f4f3-4283-b9d1-c61481b05f30</string>
    <string>a01eede1-e7e9-41e9-8122-6f7c606bfd0a</string>
  </scrumMastersIds>
  <teamMembersIds>
    <string>a3a6bfc9-f4f3-4283-b9d1-c61481b05f30</string>
    <string>a01eede1-e7e9-41e9-8122-6f7c606bfd0a</string>
  </teamMembersIds>
</sprint>