<?xml version="1.0" encoding="UTF-8"?><projectUserConfig>
  <id>1a7c78e9-9182-4d8b-a317-cbbec60531b1</id>
  <lastModified>2015-04-23 11:50:08</lastModified>
  <projectId>fc43cae0-0113-401c-9794-ae1dd9c1798c-1</projectId>
  <userId>a01eede1-e7e9-41e9-8122-6f7c606bfd0a</userId>
  <color>orange</color>
  <receiveEmailsOnProjectEvents>false</receiveEmailsOnProjectEvents>
  <misconducts>0</misconducts>
  <selectedEntitysIds/>
  <online>false</online>
  <pblFilterThemes/>
  <pblFilterQualitysIds/>
</projectUserConfig>