<?xml version="1.0" encoding="UTF-8"?><sprint>
  <id>8801fbf3-51cb-4c4a-be7e-b71e4e0ad2d9</id>
  <lastModified>2015-05-12 13:35:40</lastModified>
  <number>3</number>
  <projectId>fc43cae0-0113-401c-9794-ae1dd9c1798c-1</projectId>
  <label>Sprint 03</label>
  <goal>Nutzerkontakte und Rewards hinzufuegen
</goal>
  <begin>2015-05-05</begin>
  <end>2015-05-12</end>
  <originallyEnd reference="../end"/>
  <velocity>9.5</velocity>
  <completedRequirementsData>#encoded-requirements 1
sto4;2;Termine erstellen
tsk36;1;0;UnitTest
tsk35;1;0;DayEvent Fehler beheben
sto21;1;Eindeutige User
tsk38;1;0;UnitTest
tsk37;1;0;Username unique machen
sto20;0.5;Sichere Passworteingabe
tsk40;1;0;Test
tsk39;1;0;Passwordfenster erstellen
sto9;3;Nutzer suchen
tsk43;1;0;UnitTest
tsk42;1;0;Nutzer aus DB anzeigen
tsk41;1;0;Nutzer suche JSF Seite
sto13;1;Nutzer als Kontakt hinzufuegen
tsk44;1;0;Button zum hinzufuegen
tsk46;1;0;UnitTest
tsk45;1;0;DB Table fuer Kontakte
sto11;2;Kontakte Anzeigen
tsk48;1;0;Nutzer aus DB laden
tsk47;1;0;Tabelle in Nutzerseite einfuegen
tsk49;1;0;UnitTest
</completedRequirementsData>
  <incompletedRequirementsData>#encoded-requirements 1
</incompletedRequirementsData>
  <requirementsOrderIds>
    <string>19bea3c0-0995-4c47-9ba9-3e13b67ce48d-2</string>
    <string>1e8fcd55-8ee3-4d4c-ab91-58c37eabb5b8-2</string>
    <string>1e8fcd55-8ee3-4d4c-ab91-58c37eabb5b8-1</string>
    <string>19bea3c0-0995-4c47-9ba9-3e13b67ce48d-7</string>
    <string>28136aec-eb10-471a-b549-dd462e7e845a-1</string>
    <string>a8fe24b9-52fd-4dda-8c27-0567ba644a45-2</string>
  </requirementsOrderIds>
  <productOwnersIds>
    <string>a3a6bfc9-f4f3-4283-b9d1-c61481b05f30</string>
    <string>a01eede1-e7e9-41e9-8122-6f7c606bfd0a</string>
  </productOwnersIds>
  <scrumMastersIds>
    <string>a3a6bfc9-f4f3-4283-b9d1-c61481b05f30</string>
    <string>a01eede1-e7e9-41e9-8122-6f7c606bfd0a</string>
  </scrumMastersIds>
  <teamMembersIds>
    <string>a3a6bfc9-f4f3-4283-b9d1-c61481b05f30</string>
    <string>a01eede1-e7e9-41e9-8122-6f7c606bfd0a</string>
  </teamMembersIds>
</sprint>