<?xml version="1.0" encoding="UTF-8"?><sprint>
  <id>cd43ffd1-89cf-4a26-a823-8502e9624645</id>
  <lastModified>2015-05-19 13:21:28</lastModified>
  <number>5</number>
  <projectId>fc43cae0-0113-401c-9794-ae1dd9c1798c-1</projectId>
  <label>Sprint 05</label>
  <goal>um weitere Funktionalitaet erweitern
</goal>
  <begin>2015-05-19</begin>
  <end>2015-05-25</end>
  <originallyEnd reference="../end"/>
  <requirementsOrderIds>
    <string>a8fe24b9-52fd-4dda-8c27-0567ba644a45-1</string>
    <string>1e8fcd55-8ee3-4d4c-ab91-58c37eabb5b8-3</string>
  </requirementsOrderIds>
  <productOwnersIds/>
  <scrumMastersIds/>
  <teamMembersIds/>
</sprint>