<?xml version="1.0" encoding="UTF-8"?><requirement>
  <id>19bea3c0-0995-4c47-9ba9-3e13b67ce48d-3</id>
  <lastModified>2015-04-28 13:50:59</lastModified>
  <projectId>fc43cae0-0113-401c-9794-ae1dd9c1798c-1</projectId>
  <number>5</number>
  <qualitysIds/>
  <label>Aufgabe erstellen</label>
  <description>
* Als Nutzer moechte ich eine neue Aufgabe erstellen koennen

Damit ich meine Aufgaben einteilen kann und einen Ueberblick bekomme, was ich noch erledigen muss. Eine Aufgabe ist im gegensatz zu einem Termin nicht an eine bestimmte Uhrzeit gebunden. Sie kann aber trotzdem ein Faelligkeitsdatum haben, bis wann sie erledigt werden muss.

Akzeptanzkriterien:

* Ein Fenster zum erstellen einer Aufgabe
</description>
  <estimatedWork>2.0</estimatedWork>
  <closed>true</closed>
  <deleted>false</deleted>
  <dirty>false</dirty>
  <workEstimationVotingActive>false</workEstimationVotingActive>
  <workEstimationVotingShowoff>false</workEstimationVotingShowoff>
  <tasksOrderIds>
    <string>8b7e6e38-5724-4d45-8e26-1003e5e0a8f2-15</string>
    <string>8b7e6e38-5724-4d45-8e26-1003e5e0a8f2-16</string>
    <string>8b7e6e38-5724-4d45-8e26-1003e5e0a8f2-17</string>
    <string>8b7e6e38-5724-4d45-8e26-1003e5e0a8f2-18</string>
    <string>8b7e6e38-5724-4d45-8e26-1003e5e0a8f2-19</string>
  </tasksOrderIds>
  <themes/>
</requirement>