<?xml version="1.0" encoding="UTF-8"?><requirement>
  <id>19bea3c0-0995-4c47-9ba9-3e13b67ce48d-4</id>
  <lastModified>2015-05-12 15:16:23</lastModified>
  <projectId>fc43cae0-0113-401c-9794-ae1dd9c1798c-1</projectId>
  <sprintId>1d20cfb7-702f-4e99-a1e5-8a5ebeb8c278</sprintId>
  <number>6</number>
  <qualitysIds/>
  <label>Rewards anzeigen</label>
  <description>
* Als Nutzer moechte ich alle meine erstellten Rewards sehen

Damit ich sehen kann welche Rewards mir noch zustehen um sie einzuloesen.
Das soll mir motivation geben weiter Aufgaben zu erfuellen und Termine einzuhalten.

Akzeptanzkriterien:

* Eine Auflistung aller Rewards des Nutzers
</description>
  <estimatedWork>1.0</estimatedWork>
  <closed>false</closed>
  <deleted>false</deleted>
  <dirty>false</dirty>
  <workEstimationVotingActive>false</workEstimationVotingActive>
  <workEstimationVotingShowoff>false</workEstimationVotingShowoff>
  <tasksOrderIds>
    <string>35bbb30d-e55f-490e-b66c-277be819bf75-5</string>
    <string>35bbb30d-e55f-490e-b66c-277be819bf75-6</string>
  </tasksOrderIds>
  <themes/>
</requirement>