<?xml version="1.0" encoding="UTF-8"?><requirement>
  <id>1e8fcd55-8ee3-4d4c-ab91-58c37eabb5b8-1</id>
  <lastModified>2015-05-12 13:35:40</lastModified>
  <projectId>fc43cae0-0113-401c-9794-ae1dd9c1798c-1</projectId>
  <number>20</number>
  <qualitysIds/>
  <label>Sichere Passworteingabe</label>
  <description>Als Nutzer moechte ich eine Passwordbox auf der Startseite

Damit mein Password nicht gesehen wird beim eingeben.

Akyeptanzkriterien:

Passwordbox auf Startseite, die Eingabe verdeckt
</description>
  <estimatedWork>0.5</estimatedWork>
  <closed>true</closed>
  <deleted>false</deleted>
  <dirty>false</dirty>
  <workEstimationVotingActive>false</workEstimationVotingActive>
  <workEstimationVotingShowoff>false</workEstimationVotingShowoff>
  <tasksOrderIds>
    <string>ece688a9-69ab-410b-b0dd-7067d1422488-5</string>
    <string>ece688a9-69ab-410b-b0dd-7067d1422488-6</string>
  </tasksOrderIds>
  <themes/>
</requirement>