<?xml version="1.0" encoding="UTF-8"?><requirement>
  <id>29f43852-6259-4e69-90d4-0d807b42a2cf-1</id>
  <lastModified>2015-05-07 11:39:49</lastModified>
  <projectId>fc43cae0-0113-401c-9794-ae1dd9c1798c-1</projectId>
  <number>23</number>
  <qualitysIds/>
  <label>Fehlermeldungen</label>
  <description>Als Nutzer moechte ich angezeigt bekommen, wenn ich eine falsche Eingabe gemacht habe

Damit ich weiss, an welcher Stelle ich meine Eingabe korrigieren muss.

Akzeptanzkriterien:

rote Fehlermeldung auf der entsprechenden Seite
Fehlermeldung beinhaltet beschreibung des Problems
Bei fehlerhaften Eingabe bleibt der Nutzer auf der aktuellen Seite (keine Weiterleitung)
</description>
  <closed>false</closed>
  <deleted>false</deleted>
  <dirty>true</dirty>
  <workEstimationVotingActive>false</workEstimationVotingActive>
  <workEstimationVotingShowoff>false</workEstimationVotingShowoff>
  <tasksOrderIds/>
  <themes/>
</requirement>