<?xml version="1.0" encoding="UTF-8"?><requirement>
  <id>a8fe24b9-52fd-4dda-8c27-0567ba644a45-2</id>
  <lastModified>2015-05-12 13:35:40</lastModified>
  <projectId>fc43cae0-0113-401c-9794-ae1dd9c1798c-1</projectId>
  <number>11</number>
  <qualitysIds/>
  <label>Kontakte Anzeigen</label>
  <description>
* Der Nutzer will eine Liste aller Kontakte anzeigen

Damit der Nutzer sehen kann, mit welchen anderen Nutzern er &quot;befreundet&quot; ist.
Damit der Nutzer die moeglichkeit hat, einen Nutzer aus seiner Kontaktliste zu entfernen.

Benoetigt wird dafuer:

* Anzeige aller Kontakte eines Nutzers

* Moeglichkeit einen dieser Nutzer aus der Liste zu entfernen
</description>
  <estimatedWork>2.0</estimatedWork>
  <closed>true</closed>
  <deleted>false</deleted>
  <dirty>false</dirty>
  <workEstimationVotingActive>false</workEstimationVotingActive>
  <workEstimationVotingShowoff>false</workEstimationVotingShowoff>
  <tasksOrderIds>
    <string>ece688a9-69ab-410b-b0dd-7067d1422488-13</string>
    <string>ece688a9-69ab-410b-b0dd-7067d1422488-14</string>
    <string>ece688a9-69ab-410b-b0dd-7067d1422488-15</string>
  </tasksOrderIds>
  <themes/>
</requirement>