<?xml version="1.0" encoding="UTF-8"?><requirement>
  <id>cda54d00-ba64-4326-82bf-185e72f4a59c-1</id>
  <lastModified>2015-05-19 13:20:20</lastModified>
  <projectId>fc43cae0-0113-401c-9794-ae1dd9c1798c-1</projectId>
  <number>1</number>
  <qualitysIds/>
  <label>Helden erstellen</label>
  <description>* Als Nutzer moechte ich einen Helden erstellen

Damit ich sehen kann wie sich mein Held im lauf der Zeit durch Abschluss von Aufgaben und Terminen entwickelt und mich motiviert weiter zu arbeiten.

Akzeptanzkriterien:

* Auswahlliste aller verfuegbaren Helden

* Anzeige des Helden auf der Startseite
</description>
  <estimatedWork>2.0</estimatedWork>
  <closed>true</closed>
  <deleted>false</deleted>
  <dirty>false</dirty>
  <workEstimationVotingActive>false</workEstimationVotingActive>
  <workEstimationVotingShowoff>false</workEstimationVotingShowoff>
  <tasksOrderIds>
    <string>35bbb30d-e55f-490e-b66c-277be819bf75-9</string>
    <string>35bbb30d-e55f-490e-b66c-277be819bf75-10</string>
    <string>35bbb30d-e55f-490e-b66c-277be819bf75-11</string>
  </tasksOrderIds>
  <themes/>
</requirement>