<?xml version="1.0" encoding="UTF-8"?><requirement>
  <id>a8fe24b9-52fd-4dda-8c27-0567ba644a45-1</id>
  <lastModified>2015-04-15 11:52:10</lastModified>
  <projectId>fc43cae0-0113-401c-9794-ae1dd9c1798c-1</projectId>
  <number>10</number>
  <qualitysIds/>
  <label>Aufgaben verschicken</label>
  <description>
* Der Nutzer will eigene Aufgaben an einen anderen Nutzer schicken

Damit der andere Nutzer diese Aufgabe annehmen, ablehnen, oder eine eigene Aufgabe zum tausch anbieten kann.

Benoetigt wird dafuer:

* Die Funktion eine Aufgabe an einen anderen Nutzer zu schicken mit der Moeglichkeit diese anzunehmen, abzulehnen, oder eine eigene dagegen zu tauschen
</description>
  <estimatedWork>5.0</estimatedWork>
  <closed>false</closed>
  <deleted>false</deleted>
  <dirty>false</dirty>
  <workEstimationVotingActive>false</workEstimationVotingActive>
  <workEstimationVotingShowoff>false</workEstimationVotingShowoff>
  <tasksOrderIds/>
  <themes/>
</requirement>