<?xml version="1.0" encoding="UTF-8"?><user>
  <id>a01eede1-e7e9-41e9-8122-6f7c606bfd0a</id>
  <lastModified>2015-04-28 10:56:29</lastModified>
  <name>TROHome</name>
  <publicName>TROHome</publicName>
  <fullName>Thomas Roehl</fullName>
  <admin>false</admin>
  <emailVerified>false</emailVerified>
  <email>tro.development@gmail.com</email>
  <currentProjectId>fc43cae0-0113-401c-9794-ae1dd9c1798c-1</currentProjectId>
  <color>orange</color>
  <lastLoginDateAndTime>2015-04-28 10:56:29</lastLoginDateAndTime>
  <registrationDateAndTime>2015-04-23 11:49:13</registrationDateAndTime>
  <disabled>false</disabled>
  <hideUserGuideBlog>false</hideUserGuideBlog>
  <hideUserGuideCalendar>false</hideUserGuideCalendar>
  <hideUserGuideFiles>false</hideUserGuideFiles>
  <hideUserGuideForum>false</hideUserGuideForum>
  <hideUserGuideImpediments>false</hideUserGuideImpediments>
  <hideUserGuideIssues>false</hideUserGuideIssues>
  <hideUserGuideJournal>false</hideUserGuideJournal>
  <hideUserGuideNextSprint>false</hideUserGuideNextSprint>
  <hideUserGuideProductBacklog>false</hideUserGuideProductBacklog>
  <hideUserGuideCourtroom>false</hideUserGuideCourtroom>
  <hideUserGuideQualityBacklog>false</hideUserGuideQualityBacklog>
  <hideUserGuideReleases>false</hideUserGuideReleases>
  <hideUserGuideRisks>false</hideUserGuideRisks>
  <hideUserGuideSprintBacklog>false</hideUserGuideSprintBacklog>
  <hideUserGuideWhiteboard>false</hideUserGuideWhiteboard>
  <loginToken>ec9aac7f-f454-46f4-8d39-22ac3bb1b00e</loginToken>
  <passwordSalt>Ty Lal Nifme Cojf Qogex Kyebe &amp;3</passwordSalt>
  <password>SHA-256:2ee09bfcfd24e68d9914a521834ab0d7f79ed368031fdd181d1ed6d0dd44be19</password>
</user>