<?xml version="1.0" encoding="UTF-8"?><change>
  <id>8f3d41a4-ae63-44b7-a3c7-4f21592b5f2a</id>
  <lastModified>2015-05-05 10:38:54</lastModified>
  <parentId>1e8fcd55-8ee3-4d4c-ab91-58c37eabb5b8-1</parentId>
  <userId>a01eede1-e7e9-41e9-8122-6f7c606bfd0a</userId>
  <dateAndTime>2015-05-05 10:38:54</dateAndTime>
  <key>description</key>
  <newValue>Als Entwickler moechte ich eine Passwordbox auf der Startseite

Damit mein Password nicht gesehen wird beim eingeben.

Akyeptanzkriterien:

Passwordbox auf Startseite, die Eingabe verdeckt
</newValue>
</change>