<?xml version="1.0" encoding="UTF-8"?><change>
  <id>f0eeec66-2781-4b7e-a44f-9b3d71ff8641</id>
  <lastModified>2015-04-15 11:45:34</lastModified>
  <parentId>19bea3c0-0995-4c47-9ba9-3e13b67ce48d-5</parentId>
  <userId>a3a6bfc9-f4f3-4283-b9d1-c61481b05f30</userId>
  <dateAndTime>2015-04-15 11:45:34</dateAndTime>
  <key>description</key>
  <oldValue>

* Der Nutzer moechte ein neuen Reward erstellen

* Der Nutzer moechte den Reward mit einem Achievement verknuepfen

Damit er die Moeglichkeit hat fuer ein bestimmtes Achievement diesen Reward zu erhalten.

Benoetigt wird dafuer:

* Ein Fenster zum Erstellen eines Rewards

* Eine Anzeige aller nicht erlangten Achievements

* Die Moeglichkeit den Reward mit einem Achievement zu verknuepfen
</oldValue>
  <newValue>

* Als Nutzer moechte ich mir einen Reward erstellen koennen

* Diesen Reward moechte ich dann mit einem Achievement verknuepfen koennen

Damit ich sehen kann wie viel ich Leisten muss um meine naechste Belohnung zu bekommen. Dies soll mich motivieren, indem ich auf ein Ziel (Belohnung) hinarbeite.

Akzeptanzkriterien:

* Ein Fenster zum Erstellen eines Rewards

* Eine Anzeige aller nicht erlangten Achievements

* Die Moeglichkeit den Reward mit einem Achievement zu verknuepfen
</newValue>
</change>