<?xml version="1.0" encoding="UTF-8"?><sprintReport>
  <id>0651f8fe-2216-4467-9e12-6ea484c7f936</id>
  <lastModified>2015-05-05 14:02:28</lastModified>
  <sprintId>9ae6c957-b894-4c47-b734-439e98bc033c</sprintId>
  <completedRequirementsIds>
    <string>19bea3c0-0995-4c47-9ba9-3e13b67ce48d-6</string>
    <string>cda54d00-ba64-4326-82bf-185e72f4a59c-2</string>
    <string>8b7e6e38-5724-4d45-8e26-1003e5e0a8f2-1</string>
  </completedRequirementsIds>
  <rejectedRequirementsIds>
    <string>19bea3c0-0995-4c47-9ba9-3e13b67ce48d-2</string>
  </rejectedRequirementsIds>
  <requirementsOrderIds>
    <string>8b7e6e38-5724-4d45-8e26-1003e5e0a8f2-1</string>
    <string>19bea3c0-0995-4c47-9ba9-3e13b67ce48d-2</string>
    <string>cda54d00-ba64-4326-82bf-185e72f4a59c-2</string>
    <string>19bea3c0-0995-4c47-9ba9-3e13b67ce48d-6</string>
  </requirementsOrderIds>
  <closedTasksIds>
    <string>28f5c3c7-7561-4dff-824c-12df9a4b2fe4-1</string>
    <string>8b7e6e38-5724-4d45-8e26-1003e5e0a8f2-25</string>
    <string>8b7e6e38-5724-4d45-8e26-1003e5e0a8f2-26</string>
    <string>8b7e6e38-5724-4d45-8e26-1003e5e0a8f2-27</string>
    <string>8b7e6e38-5724-4d45-8e26-1003e5e0a8f2-28</string>
    <string>28f5c3c7-7561-4dff-824c-12df9a4b2fe4-6</string>
    <string>8b7e6e38-5724-4d45-8e26-1003e5e0a8f2-24</string>
    <string>28f5c3c7-7561-4dff-824c-12df9a4b2fe4-2</string>
    <string>28f5c3c7-7561-4dff-824c-12df9a4b2fe4-3</string>
    <string>28f5c3c7-7561-4dff-824c-12df9a4b2fe4-4</string>
    <string>28f5c3c7-7561-4dff-824c-12df9a4b2fe4-5</string>
  </closedTasksIds>
  <openTasksIds/>
  <burnedWork>11</burnedWork>
</sprintReport>