<?xml version="1.0" encoding="UTF-8"?><change>
  <id>a1fcb0fd-f231-410c-8663-a1961c23857b</id>
  <lastModified>2015-04-14 13:53:28</lastModified>
  <parentId>a8fe24b9-52fd-4dda-8c27-0567ba644a45-1</parentId>
  <userId>a3a6bfc9-f4f3-4283-b9d1-c61481b05f30</userId>
  <dateAndTime>2015-04-14 13:53:28</dateAndTime>
  <key>description</key>
  <newValue>
* Der Nutzer will eigene Aufgaben an einen anderen Nutzer schicken

Damit der andere Nutzer diese Aufgabe annehmen, ablehnen, oder eine eigene Aufgabe zum tausch anbieten kann.

Benoetigt wird dafuer:

* Die Funktion eine Aufgabe an einen anderen Nutzer zu schicken mit der Moeglichkeit diese anzunehmen, abzulehnen, oder eine eigene dagegen zu tauschen
</newValue>
</change>