<?xml version="1.0" encoding="UTF-8"?><requirement>
  <id>19bea3c0-0995-4c47-9ba9-3e13b67ce48d-2</id>
  <lastModified>2015-04-14 13:28:45</lastModified>
  <projectId>fc43cae0-0113-401c-9794-ae1dd9c1798c-1</projectId>
  <number>4</number>
  <qualitysIds/>
  <label>Termine erstellen</label>
  <description>

* Der Nutzer moechte einen Termin erstellen

Damit der Nutzer in seinem Kalender einen neuen Eintrag fuer einen Termin mit Zeit und Ort bekommt.

Benoetigt wird dafuer:

* Fenster zum erstellen eines Termins
</description>
  <closed>false</closed>
  <deleted>false</deleted>
  <dirty>true</dirty>
  <workEstimationVotingActive>false</workEstimationVotingActive>
  <workEstimationVotingShowoff>false</workEstimationVotingShowoff>
  <tasksOrderIds/>
  <themes/>
</requirement>